0.7405174760841288,-0.1801278877495367,-0.9895738376203194,0.8714537421356486,-0.5327121612707882,-1.2681563388030166,-0.7342637658144091
0.7401765556303551,-0.1794063512074723,-0.9845919323884091,0.8679374466558251,-0.5317123735307665,-1.2603729663913241,-0.73328042052051
0.7398356351765815,-0.17868481466540792,-0.9796100271564989,0.8644211511760015,-0.5307125857907449,-1.2525895939796319,-0.7322970752266109
0.7394947147228077,-0.17796327812334353,-0.9746281219245886,0.8609048556961779,-0.5297127980507231,-1.2448062215679394,-0.7313137299327118
0.739153794269034,-0.17724174158127914,-0.9696462166926784,0.8573885602163543,-0.5287130103107014,-1.237022849156247,-0.7303303846388127
0.7388128738152604,-0.17652020503921476,-0.9646643114607681,0.8538722647365308,-0.5277132225706797,-1.2292394767445547,-0.7293470393449136
0.7384719533614867,-0.17579866849715037,-0.9596824062288579,0.8503559692567072,-0.526713434830658,-1.2214561043328622,-0.7283636940510145
0.738131032907713,-0.17507713195508598,-0.9547005009969477,0.8468396737768836,-0.5257136470906363,-1.2136727319211698,-0.7273803487571155
0.7377901124539393,-0.1743555954130216,-0.9497185957650374,0.8433233782970601,-0.5247138593506145,-1.2058893595094775,-0.7263970034632165
0.7374491920001657,-0.1736340588709572,-0.9447366905331271,0.8398070828172365,-0.5237140716105928,-1.198105987097785,-0.7254136581693174
0.736337433124767,-0.17319408158046815,-0.9379486158497101,0.8397138027937358,-0.5243992289820021,-1.1918636629236017,-0.7215731115290929
0.7352256742493682,-0.17275410428997912,-0.9311605411662931,0.839620522770235,-0.5250843863534114,-1.1856213387494183,-0.7177325648888683
0.7341139153739695,-0.17231412699949006,-0.9243724664828761,0.8395272427467342,-0.5257695437248205,-1.179379014575235,-0.7138920182486438
0.7330021564985708,-0.171874149709001,-0.9175843917994592,0.8394339627232335,-0.5264547010962298,-1.1731366904010518,-0.7100514716084193
0.7318903976231721,-0.17143417241851197,-0.9107963171160421,0.8393406826997327,-0.5271398584676391,-1.1668943662268685,-0.7062109249681947
0.7307786387477734,-0.1709941951280229,-0.9040082424326251,0.839247402676232,-0.5278250158390484,-1.1606520420526851,-0.7023703783279702
0.7296668798723747,-0.17055421783753386,-0.8972201677492081,0.8391541226527313,-0.5285101732104577,-1.1544097178785018,-0.6985298316877456
0.728555120996976,-0.17011424054704483,-0.8904320930657911,0.8390608426292304,-0.5291953305818669,-1.1481673937043184,-0.6946892850475211
0.7274433621215772,-0.16967426325655577,-0.8836440183823742,0.8389675626057297,-0.5298804879532761,-1.141925069530135,-0.6908487384072967
0.7263316032461785,-0.1692342859660667,-0.8768559436989571,0.838874282582229,-0.5305656453246854,-1.135682745355952,-0.6870081917670721
0.7252198443707798,-0.16879430867557768,-0.8700678690155401,0.8387810025587282,-0.5312508026960947,-1.1294404211817686,-0.6831676451268476
0.7241080854953811,-0.16835433138508862,-0.8632797943321231,0.8386877225352275,-0.531935960067504,-1.1231980970075852,-0.6793270984866231
0.7229963266199824,-0.16791435409459957,-0.8564917196487061,0.8385944425117267,-0.5326211174389132,-1.1169557728334019,-0.6754865518463985
0.7218845677445836,-0.16747437680411054,-0.849703644965289,0.8385011624882259,-0.5333062748103224,-1.1107134486592185,-0.671646005206174
0.7207728088691849,-0.16703439951362148,-0.842915570281872,0.8384078824647252,-0.5339914321817317,-1.1044711244850351,-0.6678054585659494
0.7196610499937861,-0.16659442222313242,-0.8361274955984551,0.8383146024412245,-0.534676589553141,-1.098228800310852,-0.6639649119257249
0.7185492911183874,-0.1661544449326434,-0.8293394209150381,0.8382213224177237,-0.5353617469245503,-1.0919864761366687,-0.6601243652855004
0.7174375322429887,-0.16571446764215433,-0.8225513462316211,0.8381280423942229,-0.5360469042959595,-1.0857441519624853,-0.6562838186452759
0.71632577336759,-0.16527449035166528,-0.815763271548204,0.8380347623707222,-0.5367320616673688,-1.079501827788302,-0.6524432720050514
0.7152140144921912,-0.16483451306117625,-0.808975196864787,0.8379414823472214,-0.537417219038778,-1.0732595036141186,-0.6486027253648269
0.7141022556167925,-0.1643945357706872,-0.8021871221813701,0.8378482023237207,-0.5381023764101873,-1.0670171794399352,-0.6447621787246023
0.7129843122619117,-0.16395211097958826,-0.7953612868741964,0.8377544034031783,-0.53879134516714,-1.0607401305366495,-0.6409002679357104
0.711866368907031,-0.1635096861884893,-0.7885354515670226,0.837660604482636,-0.5394803139240927,-1.0544630816333638,-0.6370383571468186
0.7107484255521502,-0.16306726139739036,-0.7817096162598489,0.8375668055620936,-0.5401692826810454,-1.0481860327300778,-0.6331764463579266
0.7096304821972695,-0.16262483660629143,-0.7748837809526752,0.8374730066415512,-0.540858251437998,-1.041908983826792,-0.6293145355690347
0.7085125388423887,-0.1621824118151925,-0.7680579456455014,0.8373792077210089,-0.5415472201949507,-1.0356319349235064,-0.6254526247801429
0.7073945954875079,-0.16173998702409353,-0.7612321103383277,0.8372854088004665,-0.5422361889519033,-1.0293548860202206,-0.621590713991251
0.7062766521326272,-0.1612975622329946,-0.754406275031154,0.8371916098799241,-0.542925157708856,-1.023077837116935,-0.617728803202359
0.7051587087777464,-0.16085513744189567,-0.7475804397239803,0.8370978109593818,-0.5436141264658086,-1.0168007882136492,-0.6138668924134671
0.7040407654228658,-0.1604127126507967,-0.7407546044168065,0.8370040120388395,-0.5443030952227613,-1.0105237393103632,-0.6100049816245753
0.702922822067985,-0.15997028785969777,-0.7339287691096328,0.8369102131182972,-0.544992063979714,-1.0042466904070775,-0.6061430708356834
0.7018048787131042,-0.15952786306859884,-0.727102933802459,0.8368164141977548,-0.5456810327366667,-0.9979696415037917,-0.6022811600467916
0.7006869353582235,-0.15908543827749988,-0.7202770984952853,0.8367226152772124,-0.5463700014936194,-0.991692592600506,-0.5984192492578996
0.6995689920033427,-0.15864301348640095,-0.7134512631881116,0.8366288163566701,-0.547058970250572,-0.9854155436972202,-0.5945573384690077
0.698451048648462,-0.158200588695302,-0.7066254278809379,0.8365350174361277,-0.5477479390075247,-0.9791384947939344,-0.5906954276801158
0.6973331052935812,-0.15775816390420308,-0.6997995925737641,0.8364412185155853,-0.5484369077644774,-0.9728614458906486,-0.586833516891224
0.6962151619387004,-0.15731573911310412,-0.6929737572665904,0.836347419595043,-0.54912587652143,-0.9665843969873629,-0.582971606102332
0.6950972185838197,-0.1568733143220052,-0.6861479219594167,0.8362536206745006,-0.5498148452783826,-0.9603073480840771,-0.5791096953134401
0.6939792752289389,-0.15643088953090625,-0.6793220866522429,0.8361598217539582,-0.5505038140353353,-0.9540302991807913,-0.5752477845245483
0.6928613318740582,-0.1559884647398073,-0.6724962513450692,0.8360660228334159,-0.551192782792288,-0.9477532502775056,-0.5713858737356564
0.6917433885191774,-0.15554603994870836,-0.6656704160378955,0.8359722239128735,-0.5518817515492407,-0.9414762013742198,-0.5675239629467645
0.6906254451642966,-0.15510361515760943,-0.6588445807307217,0.8358784249923311,-0.5525707203061934,-0.935199152470934,-0.5636620521578726
0.6895075018094159,-0.1546611903665105,-0.652018745423548,0.8357846260717888,-0.553259689063146,-0.9289221035676483,-0.5598001413689807
0.6883895584545351,-0.15421876557541153,-0.6451929101163743,0.8356908271512464,-0.5539486578200987,-0.9226450546643625,-0.5559382305800888
0.6872716150996543,-0.1537763407843126,-0.6383670748092005,0.835597028230704,-0.5546376265770514,-0.9163680057610767,-0.552076319791197
0.6861536717447736,-0.15333391599321367,-0.6315412395020268,0.8355032293101617,-0.5553265953340041,-0.910090956857791,-0.5482144090023051
0.6850357283898928,-0.1528914912021147,-0.624715404194853,0.8354094303896193,-0.5560155640909566,-0.9038139079545051,-0.5443524982134131
0.6839177850350121,-0.15244906641101577,-0.6178895688876793,0.8353156314690771,-0.5567045328479093,-0.8975368590512194,-0.5404905874245213
0.6827998416801313,-0.15200664161991684,-0.6110637335805056,0.8352218325485347,-0.557393501604862,-0.8912598101479337,-0.5366286766356294
0.6816818983252505,-0.15156421682881788,-0.6042378982733319,0.8351280336279923,-0.5580824703618147,-0.8849827612446478,-0.5327667658467375
0.6805639549703698,-0.15112179203771894,-0.5974120629661581,0.83503423470745,-0.5587714391187674,-0.8787057123413621,-0.5289048550578457
0.679446011615489,-0.15067936724662,-0.5905862276589844,0.8349404357869076,-0.55946040787572,-0.8724286634380762,-0.5250429442689537
0.6783280682606083,-0.15023694245552108,-0.5837603923518107,0.8348466368663652,-0.5601493766326727,-0.8661516145347905,-0.5211810334800618
0.6772101249057275,-0.14979451766442212,-0.5769345570446369,0.8347528379458229,-0.5608383453896254,-0.8598745656315048,-0.51731912269117
0.6760921815508467,-0.14935209287332318,-0.5701087217374632,0.8346590390252805,-0.5615273141465781,-0.853597516728219,-0.513457211902278
0.674974238195966,-0.14890966808222425,-0.5632828864302895,0.8345652401047381,-0.5622162829035308,-0.8473204678249332,-0.5095953011133861
0.6738562948410852,-0.1484672432911253,-0.5564570511231157,0.8344714411841958,-0.5629052516604833,-0.8410434189216475,-0.5057333903244943
0.6727383514862045,-0.14802481850002636,-0.549631215815942,0.8343776422636534,-0.563594220417436,-0.8347663700183616,-0.5018714795356024
0.6716204081313237,-0.14758239370892742,-0.5428053805087683,0.834283843343111,-0.5642831891743887,-0.8284893211150759,-0.49800956874671054
0.6705024647764429,-0.1471399689178285,-0.5359795452015945,0.8341900444225687,-0.5649721579313414,-0.8222122722117902,-0.4941476579578186
0.6693845214215622,-0.14669754412672953,-0.5291537098944208,0.8340962455020263,-0.565661126688294,-0.8159352233085044,-0.4902857471689267
0.6682665780666814,-0.1462551193356306,-0.522327874587247,0.8340024465814839,-0.5663500954452467,-0.8096581744052186,-0.48642383638003484
0.6671486347118007,-0.14581269454453166,-0.5155020392800733,0.8339086476609416,-0.5670390642021994,-0.8033811255019327,-0.48256192559114297
0.66603069135692,-0.1453702697534327,-0.5086762039728996,0.8338148487403992,-0.5677280329591521,-0.797104076598647,-0.47870001480225105
0.6649127480020391,-0.14492784496233377,-0.5018503686657259,0.8337210498198568,-0.5684170017161048,-0.7908270276953613,-0.4748381040133592
0.6637948046471585,-0.14448542017123484,-0.4950245333585521,0.8336272508993146,-0.5691059704730574,-0.7845499787920756,-0.47097619322446727
0.6626768612922777,-0.14404299538013587,-0.4881986980513784,0.8335334519787722,-0.56979493923001,-0.7782729298887897,-0.4671142824355754
0.661558917937397,-0.14360057058903694,-0.48137286274420465,0.8334396530582299,-0.5704839079869627,-0.7719958809855039,-0.46325237164668354
0.6604409745825162,-0.143158145797938,-0.4745470274370309,0.8333458541376875,-0.5711728767439154,-0.7657188320822181,-0.4593904608577916
0.6593230312276354,-0.14271572100683905,-0.4677211921298572,0.8332520552171451,-0.571861845500868,-0.7594417831789324,-0.4555285500688997
0.6582050878727547,-0.1422732962157401,-0.46089535682268346,0.8331582562966028,-0.5725508142578207,-0.7531647342756467,-0.45166663928000783
0.6570871445178739,-0.14183087142464118,-0.4540695215155097,0.8330644573760604,-0.5732397830147734,-0.7468876853723609,-0.44780472849111597
0.6559692011629932,-0.14138844663354225,-0.447243686208336,0.832970658455518,-0.5739287517717261,-0.7406106364690751,-0.44394281770222405
0.6548512578081124,-0.1409460218424433,-0.44041785090116226,0.8328768595349757,-0.5746177205286788,-0.7343335875657893,-0.4400809069133322
0.6537333144532316,-0.14050359705134435,-0.4335920155939885,0.8327830606144333,-0.5753066892856314,-0.7280565386625035,-0.43621899612444026
0.6526153710983509,-0.14006117226024542,-0.4267661802868148,0.8326892616938909,-0.5759956580425841,-0.7217794897592178,-0.4323570853355484
0.6514974277434701,-0.1396187474691465,-0.41994034497964106,0.8325954627733486,-0.5766846267995367,-0.7155024408559321,-0.42849517454665653
0.6503794843885893,-0.13917632267804753,-0.4131145096724673,0.8325016638528062,-0.5773735955564894,-0.7092253919526462,-0.4246332637577646
0.6492615410337086,-0.1387338978869486,-0.4062886743652936,0.8324078649322638,-0.578062564313442,-0.7029483430493604,-0.4207713529688727
0.6481435976788278,-0.13829147309584966,-0.39946283905811986,0.8323140660117215,-0.5787515330703947,-0.6966712941460746,-0.4169094421799808
0.6470256543239471,-0.1378490483047507,-0.3926370037509461,0.8322202670911791,-0.5794405018273474,-0.6903942452427889,-0.41304753139108896
0.6459077109690663,-0.13740662351365177,-0.3858111684437724,0.8321264681706367,-0.5801294705843001,-0.6841171963395032,-0.4091856206021971
0.6447897676141856,-0.13696419872255283,-0.37898533313659866,0.8320326692500944,-0.5808184393412528,-0.6778401474362173,-0.4053237098133052
0.6436718242593048,-0.13652177393145387,-0.3721594978294249,0.831938870329552,-0.5815074080982054,-0.6715630985329316,-0.40146179902441326
0.642553880904424,-0.13607934914035494,-0.3653336625222512,0.8318450714090098,-0.5821963768551581,-0.6652860496296458,-0.3975998882355214
0.6414359375495433,-0.135636924349256,-0.35850782721507746,0.8317512724884674,-0.5828853456121108,-0.65900900072636,-0.39373797744662953
0.6403179941946625,-0.13519449955815704,-0.3516819919079037,0.831657473567925,-0.5835743143690635,-0.6527319518230743,-0.3898760666577376
0.6392000508397817,-0.1347520747670581,-0.34485615660073,0.8315636746473827,-0.584263283126016,-0.6464549029197886,-0.38601415586884574
0.638082107484901,-0.13430964997595918,-0.33803032129355626,0.8314698757268403,-0.5849522518829687,-0.6401778540165027,-0.3821522450799538
0.6369641641300202,-0.13386722518486024,-0.3312044859863825,0.8313760768062979,-0.5856412206399214,-0.6339008051132169,-0.37829033429106196
0.6358462207751395,-0.13342480039376128,-0.3243786506792088,0.8312822778857556,-0.5863301893968741,-0.6276237562099312,-0.37442842350217004
0.6347282774202587,-0.13298237560266235,-0.31755281537203506,0.8311884789652132,-0.5870191581538268,-0.6213467073066454,-0.3705665127132782
0.6340556165880847,-0.13271617085547568,-0.3134457449753457,0.8311320406316666,-0.5874337071516542,-0.6175698388987363,-0.36824282062843644
0.632943857712686,-0.13227619356498665,-0.3066576702919287,0.8310387606081658,-0.5881188645230635,-0.6113275147245529,-0.3644022739882119
0.6318320988372873,-0.1318362162744976,-0.2998695956085118,0.830945480584665,-0.5888040218944728,-0.6050851905503696,-0.36056172734798736
0.6307203399618886,-0.13139623898400854,-0.29308152092509476,0.8308522005611643,-0.589489179265882,-0.5988428663761863,-0.3567211807077629
0.6296085810864899,-0.1309562616935195,-0.28629344624167774,0.8307589205376635,-0.5901743366372912,-0.592600542202003,-0.35288063406753833
0.6284968222110912,-0.13051628440303045,-0.2795053715582607,0.8306656405141628,-0.5908594940087005,-0.5863582180278196,-0.3490400874273138
0.627316468137987,-0.1301044647301801,-0.27263579221219386,0.8309017621789209,-0.5917473409512634,-0.5803043243921101,-0.3449348485357562
0.6261361140648828,-0.12969264505732978,-0.26576621286612695,0.831137883843679,-0.5926351878938263,-0.5742504307564007,-0.3408296096441985
0.6249557599917787,-0.12928082538447944,-0.2588966335200601,0.8313740055084371,-0.5935230348363891,-0.5681965371206912,-0.3367243707526409
0.6237754059186745,-0.1288690057116291,-0.25202705417399324,0.8316101271731952,-0.5944108817789521,-0.5621426434849817,-0.3326191318610832
0.6225950518455703,-0.12845718603877876,-0.24515747482792632,0.8318462488379532,-0.5952987287215149,-0.5560887498492721,-0.3285138929695256
0.6214146977724662,-0.12804536636592842,-0.23828789548185947,0.8320823705027114,-0.5961865756640778,-0.5500348562135627,-0.32440865407796793
0.620234343699362,-0.12763354669307808,-0.23141831613579258,0.8323184921674694,-0.5970744226066407,-0.5439809625778532,-0.3203034151864103
0.6190539896262578,-0.12722172702022777,-0.2245487367897257,0.8325546138322275,-0.5979622695492036,-0.5379270689421437,-0.31619817629485264
0.6178736355531537,-0.12680990734737743,-0.21767915744365884,0.8327907354969857,-0.5988501164917664,-0.5318731753064343,-0.312092937403295
0.6166932814800494,-0.1263980876745271,-0.21080957809759196,0.8330268571617437,-0.5997379634343293,-0.5258192816707248,-0.30798769851173735
0.6155129274069453,-0.12598626800167675,-0.20393999875152508,0.8332629788265018,-0.6006258103768922,-0.5197653880350153,-0.30388245962017973
0.6143325733338412,-0.12557444832882642,-0.19707041940545822,0.83349910049126,-0.601513657319455,-0.5137114943993057,-0.2997772207286221
0.6131522192607369,-0.12516262865597608,-0.19020084005939134,0.833735222156018,-0.602401504262018,-0.5076576007635963,-0.29567198183706445
0.6108272794197742,-0.12435146869430116,-0.17666985043835054,0.8342003102835718,-0.6041502936943388,-0.4957332648144716,-0.28758590523248123
0.6107915111145287,-0.1243389893102754,-0.1764616813672576,0.8342074654855341,-0.6041771981471438,-0.49554981349217736,-0.28746150405394916
0.6096111570414244,-0.12392716963742506,-0.1695921020211907,0.8344435871502923,-0.6050650450897066,-0.48949591985646784,-0.28335626516239154
0.6084308029683203,-0.12351534996457472,-0.16272252267512383,0.8346797088150504,-0.6059528920322695,-0.4834420262207584,-0.27925102627083387
0.6072504488952162,-0.12310353029172438,-0.15585294332905697,0.8349158304798084,-0.6068407389748324,-0.47738813258504886,-0.27514578737927625
0.6060700948221119,-0.12269171061887406,-0.14898336398299009,0.8351519521445666,-0.6077285859173952,-0.4713342389493394,-0.27104054848771864
0.6048897407490078,-0.12227989094602372,-0.1421137846369232,0.8353880738093247,-0.6086164328599581,-0.46528034531362994,-0.26693530959616096
0.6037093866759037,-0.12186807127317338,-0.13524420529085635,0.8356241954740827,-0.609504279802521,-0.4592264516779204,-0.2628300707046033
0.6025290326027994,-0.12145625160032304,-0.12837462594478946,0.8358603171388408,-0.6103921267450839,-0.4531725580422109,-0.2587248318130457
0.6013486785296953,-0.1210444319274727,-0.12150504659872258,0.836096438803599,-0.6112799736876467,-0.4471186644065015,-0.25461959292148806
0.6001683244565912,-0.12063261225462237,-0.11463546725265572,0.836332560468357,-0.6121678206302097,-0.441064770770792,-0.2505143540299304
0.598987970383487,-0.12022079258177203,-0.10776588790658884,0.8365686821331151,-0.6130556675727725,-0.43501087713508246,-0.24640911513837277
0.5978076163103828,-0.1198089729089217,-0.10089630856052195,0.8368048037978733,-0.6139435145153355,-0.428956983499373,-0.2423038762468151
0.5966272622372786,-0.11939715323607136,-0.09402672921445507,0.8370409254626313,-0.6148313614578983,-0.42290308986366354,-0.23819863735525748
0.5954469081641744,-0.11898533356322102,-0.08715714986838821,0.8372770471273894,-0.6157192084004612,-0.416849196227954,-0.2340933984636998
0.5942665540910703,-0.11857351389037069,-0.08028757052232133,0.8375131687921474,-0.6166070553430241,-0.41079530259224456,-0.2299881595721422
0.5930862000179661,-0.11816169421752035,-0.07341799117625444,0.8377492904569056,-0.6174949022855869,-0.4047414089565351,-0.22588292068058455
0.591905845944862,-0.11774987454467001,-0.06654841183018759,0.8379854121216637,-0.6183827492281498,-0.3986875153208256,-0.2217776817890269
0.5907254918717578,-0.11733805487181967,-0.0596788324841207,0.8382215337864217,-0.6192705961707127,-0.39263362168511606,-0.21767244289746926
0.5895451377986536,-0.11692623519896933,-0.05280925313805382,0.8384576554511799,-0.6201584431132756,-0.3865797280494066,-0.21356720400591162
0.5883647837255495,-0.116514415526119,-0.04593967379198696,0.838693777115938,-0.6210462900558384,-0.38052583441369714,-0.20946196511435397
0.5871844296524453,-0.11610259585326867,-0.03907009444592008,0.838929898780696,-0.6219341369984014,-0.3744719407779876,-0.20535672622279633
0.5860040755793411,-0.11569077618041833,-0.032200515099853194,0.8391660204454542,-0.6228219839409642,-0.36841804714227816,-0.20125148733123868
0.584823721506237,-0.11527895650756799,-0.02533093575378631,0.8394021421102122,-0.6237098308835272,-0.3623641535065687,-0.19714624843968104
0.5836433674331328,-0.11486713683471765,-0.018461356407719454,0.8396382637749703,-0.62459767782609,-0.3563102598708592,-0.19304100954812342
0.5824630133600286,-0.11445531716186731,-0.011591777061652597,0.8398743854397284,-0.6254855247686528,-0.35025636623514966,-0.18893577065656578
0.5812826592869245,-0.11404349748901699,-0.004722197715585685,0.8401105071044865,-0.6263733717112158,-0.3442024725994402,-0.18483053176500813
0.5801023052138203,-0.11363167781616665,0.002147381630481171,0.8403466287692446,-0.6272612186537786,-0.33814857896373074,-0.1807252928734505
0.5789219511407161,-0.11321985814331631,0.009016960976548027,0.8405827504340027,-0.6281490655963415,-0.3320946853280212,-0.17662005398189284
0.577741597067612,-0.11280803847046597,0.01588654032261494,0.8408188720987608,-0.6290369125389044,-0.32604079169231176,-0.1725148150903352
0.5765612429945077,-0.11239621879761563,0.022756119668681796,0.8410549937635189,-0.6299247594814673,-0.31998689805660224,-0.16840957619877756
0.5753808889214036,-0.1119843991247653,0.029625699014748652,0.841291115428277,-0.6308126064240301,-0.3139330044208928,-0.1643043373072199
0.5742005348482995,-0.11157257945191495,0.036495278360815564,0.841527237093035,-0.6317004533665931,-0.3078791107851833,-0.16019909841566227
0.5730201807751952,-0.11116075977906462,0.04336485770688242,0.8417633587577932,-0.6325883003091559,-0.3018252171494738,-0.15609385952410462
0.5718398267020911,-0.11074894010621428,0.05023443705294928,0.8419994804225512,-0.6334761472517187,-0.29577132351376434,-0.15198862063254698
0.570659472628987,-0.11033712043336395,0.05710401639901619,0.8422356020873093,-0.6343639941942817,-0.2897174298780548,-0.14788338174098936
0.5694791185558827,-0.10992530076051361,0.06397359574508305,0.8424717237520675,-0.6352518411368445,-0.28366353624234536,-0.14377814284943172
0.5682987644827786,-0.10951348108766328,0.07084317509114996,0.8427078454168255,-0.6361396880794075,-0.27760964260663584,-0.13967290395787407
0.5671184104096745,-0.10910166141481294,0.07771275443721681,0.8429439670815836,-0.6370275350219703,-0.2715557489709264,-0.13556766506631643
0.5659380563365702,-0.1086898417419626,0.08458233378328367,0.8431800887463416,-0.6379153819645332,-0.2655018553352169,-0.13146242617475878
0.5647577022634661,-0.10827802206911227,0.09145191312935058,0.8434162104110998,-0.6388032289070961,-0.2594479616995074,-0.12735718728320114
0.5635773481903619,-0.10786620239626193,0.09832149247541744,0.8436523320758579,-0.639691075849659,-0.25339406806379794,-0.1232519483916435
0.5623969941172577,-0.1074543827234116,0.1051910718214843,0.8438884537406159,-0.6405789227922218,-0.24734017442808842,-0.11914670950008585
0.5612166400441536,-0.10704256305056126,0.1120606511675512,0.8441245754053741,-0.6414667697347847,-0.24128628079237896,-0.1150414706085282
0.5600362859710495,-0.10663074337771092,0.11893023051361806,0.8443606970701322,-0.6423546166773476,-0.2352323871566695,-0.11093623171697056
0.5588559318979452,-0.10621892370486058,0.12579980985968492,0.8445968187348902,-0.6432424636199104,-0.22917849352095998,-0.10683099282541295
0.5576755778248411,-0.10580710403201024,0.13266938920575183,0.8448329403996484,-0.6441303105624734,-0.22312459988525052,-0.1027257539338553
0.5564952237517369,-0.1053952843591599,0.1395389685518187,0.8450690620644065,-0.6450181575050362,-0.217070706249541,-0.09862051504229763
0.5553148696786327,-0.10498346468630956,0.14640854789788554,0.8453051837291645,-0.6459060044475992,-0.21101681261383154,-0.09451527615074001
0.5541345156055286,-0.10457164501345922,0.15327812724395246,0.8455413053939226,-0.646793851390162,-0.20496291897812202,-0.09041003725918234
0.5529541615324244,-0.1041598253406089,0.1601477065900193,0.8457774270586808,-0.6476816983327249,-0.19890902534241256,-0.08630479836762472
0.5517738074593203,-0.10374800566775856,0.16701728593608617,0.8460135487234388,-0.6485695452752878,-0.1928551317067031,-0.08219955947606711
0.5509486329598073,-0.10346010638382577,0.17181974464565558,0.846178619172197,-0.6491902307739591,-0.1886229112528749,-0.07932962533942858
0.5497381960331673,-0.10306547499745937,0.1786881132675709,0.8465892704605419,-0.6501864021505168,-0.18270420645349048,-0.07510478198884443
0.5485277591065273,-0.10267084361109297,0.18555648188948615,0.8469999217488866,-0.6511825735270746,-0.17678550165410606,-0.07087993863826025
0.5473173221798873,-0.10227621222472655,0.1924248505114014,0.8474105730372314,-0.6521787449036324,-0.17086679685472161,-0.0666550952876761
0.5461068852532471,-0.10188158083836014,0.19929321913331666,0.8478212243255762,-0.6531749162801902,-0.16494809205533723,-0.06243025193709195
0.5448964483266071,-0.10148694945199374,0.20616158775523197,0.848231875613921,-0.6541710876567479,-0.15902938725595284,-0.0582054085865078
0.5436860113999671,-0.10109231806562732,0.21302995637714722,0.8486425269022657,-0.6551672590333057,-0.1531106824565684,-0.05398056523592365
0.5424755744733271,-0.10069768667926092,0.21989832499906248,0.8490531781906105,-0.6561634304098635,-0.14719197765718395,-0.0497557218853395
0.541265137546687,-0.1003030552928945,0.2267666936209778,0.8494638294789553,-0.6571596017864213,-0.14127327285779956,-0.04553087853475532
0.540054700620047,-0.0999084239065281,0.23363506224289304,0.8498744807673,-0.658155773162979,-0.13535456805841517,-0.04130603518417117
0.538844263693407,-0.09951379252016168,0.2405034308648083,0.8502851320556448,-0.6591519445395368,-0.12943586325903073,-0.03708119183358702
0.537633826766767,-0.09911916113379528,0.24737179948672355,0.8506957833439895,-0.6601481159160946,-0.12351715845964628,-0.03285634848300287
0.5364233898401269,-0.09872452974742887,0.25424016810863886,0.8511064346323344,-0.6611442872926524,-0.11759845366026189,-0.028631505132418716
0.5352129529134869,-0.09832989836106246,0.2611085367305541,0.8515170859206791,-0.6621404586692101,-0.1116797488608775,-0.024406661781834565
0.5340025159868469,-0.09793526697469605,0.2679769053524694,0.8519277372090239,-0.663136630045768,-0.10576104406149306,-0.020181818431250415
0.5327512571527782,-0.09756196038410428,0.2747691015057828,0.8525717265472106,-0.6643369200336228,-0.100032551567339,-0.01578290429292803
0.5314999983187094,-0.0971886537935125,0.2815612976590963,0.8532157158853972,-0.6655372100214775,-0.09430405907318497,-0.011383990154605648
0.5302487394846407,-0.09681534720292073,0.28835349381240977,0.8538597052235839,-0.6667375000093323,-0.08857556657903093,-0.0069850760162832645
0.5289974806505718,-0.09644204061232897,0.2951456899657232,0.8545036945617704,-0.6679377899971871,-0.08284707408487688,-0.002586161877960881
0.5277462218165031,-0.0960687340217372,0.3019378861190367,0.8551476838999571,-0.6691380799850418,-0.07711858159072282,0.001812752260361504
0.5264949629824344,-0.09569542743114542,0.30873008227235016,0.8557916732381438,-0.6703383699728966,-0.07139008909656878,0.006211666398683886
0.5252437041483656,-0.09532212084055365,0.31552227842566366,0.8564356625763304,-0.6715386599607513,-0.06566159660241475,0.010610580537006267
0.5239924453142969,-0.09494881424996188,0.3223144745789771,0.8570796519145171,-0.6727389499486062,-0.05993310410826069,0.015009494675328652
0.522741186480228,-0.0945755076593701,0.32910667073229055,0.8577236412527037,-0.673939239936461,-0.05420461161410665,0.019408408813651037
0.5214899276461593,-0.09420220106877833,0.33589886688560405,0.8583676305908904,-0.6751395299243157,-0.0484761191199526,0.023807322951973423
0.5202386688120906,-0.09382889447818656,0.3426910630389175,0.859011619929077,-0.6763398199121705,-0.04274762662579856,0.0282062370902958
0.5189874099780218,-0.0934555878875948,0.349483259192231,0.8596556092672636,-0.6775401099000253,-0.03701913413164451,0.032605151228618186
0.5177361511439531,-0.09308228129700302,0.35627545534554445,0.8602995986054502,-0.67874039988788,-0.03129064163749046,0.03700406536694057
0.5164848923098844,-0.09270897470641125,0.3630676514988579,0.8609435879436369,-0.6799406898757349,-0.02556214914333642,0.04140297950526295
0.5152336334758156,-0.09233566811581947,0.3698598476521714,0.8615875772818236,-0.6811409798635896,-0.01983365664918238,0.045801893643585334
0.5139823746417468,-0.0919623615252277,0.37665204380548484,0.8622315666200102,-0.6823412698514444,-0.014105164155028327,0.05020080778190772
0.512731115807678,-0.09158905493463593,0.3834442399587983,0.8628755559581969,-0.6835415598392992,-0.008376671660874274,0.054599721920230104
0.5114798569736093,-0.09121574834404415,0.3902364361121118,0.8635195452963835,-0.6847418498271539,-0.0026481791667202353,0.05899863605855249
0.5102285981395406,-0.09084244175345238,0.39702863226542523,0.8641635346345702,-0.6859421398150087,0.0030803133274338035,0.06339755019687487
0.5089773393054718,-0.09046913516286062,0.4038208284187387,0.8648075239727567,-0.6871424298028636,0.008808805821587856,0.06779646433519726
0.507726080471403,-0.09009582857226885,0.4106130245720522,0.8654515133109434,-0.6883427197907183,0.014537298315741909,0.07219537847351963
0.5064748216373343,-0.08972252198167707,0.4174052207253656,0.86609550264913,-0.6895430097785731,0.020265790809895934,0.07659429261184202
0.5052235628032655,-0.0893492153910853,0.42419741687867907,0.8667394919873167,-0.6907432997664278,0.025994283304049987,0.0809932067501644
0.5039723039691968,-0.08897590880049353,0.43098961303199257,0.8673834813255034,-0.6919435897542826,0.03172277579820404,0.08539212088848679
0.502721045135128,-0.08860260220990175,0.43778180918530607,0.86802747066369,-0.6931438797421374,0.03745126829235809,0.08979103502680917
0.5014697863010593,-0.08822929561930998,0.4445740053386195,0.8686714600018767,-0.6943441697299921,0.043179760786512145,0.09418994916513156
0.5002185274669906,-0.08785598902871822,0.45136620149193296,0.8693154493400632,-0.695544459717847,0.04890825328066617,0.09858886330345394
0.4989672686329218,-0.08748268243812644,0.45815839764524646,0.8699594386782499,-0.6967447497057018,0.05463674577482022,0.10298777744177631
0.497716009798853,-0.08710937584753467,0.4649505937985599,0.8706034280164365,-0.6979450396935565,0.060365238268974275,0.1073866915800987
0.49646475096478426,-0.0867360692569429,0.47174278995187335,0.8712474173546232,-0.6991453296814113,0.0660937307631283,0.11178560571842108
0.4952134921307155,-0.08636276266635112,0.47853498610518685,0.8718914066928098,-0.7003456196692661,0.07182222325728235,0.11618451985674347
0.49396223329664674,-0.08598945607575935,0.4853271822585003,0.8725353960309965,-0.7015459096571208,0.0775507157514364,0.12058343399506585
0.492710974462578,-0.08561614948516758,0.49211937841181375,0.8731793853691832,-0.7027461996449756,0.08327920824559046,0.12498234813338824
0.49145971562850926,-0.08524284289457582,0.49891157456512725,0.8738233747073698,-0.7039464896328304,0.08900770073974451,0.12938126227171062
0.4902084567944405,-0.08486953630398404,0.5057037707184406,0.8744673640455564,-0.7051467796206852,0.09473619323389854,0.133780176410033
0.48895719796037174,-0.08449622971339227,0.5124959668717541,0.875111353383743,-0.70634706960854,0.10046468572805259,0.1381790905483554
0.487705939126303,-0.0841229231228005,0.5192881630250676,0.8757553427219297,-0.7075473595963947,0.10619317822220664,0.14257800468667778
0.4864546802922342,-0.08374961653220872,0.5260803591783811,0.8763993320601163,-0.7087476495842495,0.11192167071636067,0.14697691882500016
0.4852034214581655,-0.08337630994161695,0.5328725553316946,0.877043321398303,-0.7099479395721042,0.11765016321051472,0.15137583296332255
0.48395216262409674,-0.08300300335102517,0.539664751485008,0.8776873107364896,-0.711148229559959,0.12337865570466877,0.15577474710164493
0.48270090379002795,-0.08262969676043341,0.5464569476383214,0.8783313000746763,-0.7123485195478139,0.12910714819882282,0.1601736612399673
0.4814496449559592,-0.08225639016984163,0.5532491437916349,0.878975289412863,-0.7135488095356686,0.13483564069297688,0.16457257537828968
0.4801983861218905,-0.08188308357924987,0.5600413399449484,0.8796192787510495,-0.7147490995235234,0.1405641331871309,0.16897148951661206
0.4789471272878217,-0.08150977698865809,0.5668335360982619,0.8802632680892362,-0.7159493895113782,0.14629262568128493,0.17337040365493445
0.47769586845375295,-0.08113647039806632,0.5736257322515754,0.8809072574274228,-0.7171496794992329,0.152021118175439,0.17776931779325683
0.4764446096196842,-0.08076316380747454,0.5804179284048888,0.8815512467656095,-0.7183499694870877,0.15774961066959303,0.18216823193157922
0.4751933507856154,-0.08038985721688277,0.5872101245582023,0.8821952361037961,-0.7195502594749426,0.1634781031637471,0.1865671460699016
0.4739420919515467,-0.08001655062629101,0.5940023207115157,0.8828392254419828,-0.7207505494627973,0.16920659565790114,0.190966060208224
0.47269083311747795,-0.07964324403569922,0.6007945168648292,0.8834832147801694,-0.7219508394506521,0.17493508815205516,0.19536497434654637
0.4714395742834092,-0.07926993744510746,0.6075867130181427,0.8841272041183561,-0.7231511294385068,0.18066358064620924,0.19976388848486876
0.4701883154493404,-0.07889663085451569,0.6143789091714562,0.8847711934565426,-0.7243514194263616,0.18639207314036327,0.20416280262319114
0.4689370566152717,-0.07852332426392392,0.6211711053247697,0.8854151827947293,-0.7255517094142164,0.19212056563451735,0.20856171676151353
0.4676857977812029,-0.07815001767333214,0.6279633014780831,0.886059172132916,-0.7267519994020711,0.19784905812867137,0.2129606308998359
0.46643453894713416,-0.07777671108274037,0.6347554976313965,0.8867031614711026,-0.727952289389926,0.2035775506228254,0.2173595450381583
0.4651832801130654,-0.0774034044921486,0.64154769378471,0.8873471508092893,-0.7291525793777808,0.20930604311697948,0.22175845917648068
0.4639320212789967,-0.07703009790155682,0.6483398899380235,0.8879911401474759,-0.7303528693656355,0.2150345356111335,0.22615737331480304
0.4626807624449279,-0.07665679131096506,0.655132086091337,0.8886351294856626,-0.7315531593534903,0.22076302810528753,0.23055628745312542
0.46142950361085916,-0.07628348472037329,0.6619242822446505,0.8892791188238491,-0.732753449341345,0.2264915205994416,0.2349552015914478
0.46017824477679037,-0.07591017812978151,0.6687164783979639,0.8899231081620358,-0.7339537393291998,0.23222001309359563,0.2393541157297702
0.45892698594272163,-0.07553687153918974,0.6755086745512773,0.8905670975002224,-0.7351540293170546,0.23794850558774966,0.24375302986809258
0.4576757271086529,-0.07516356494859797,0.6823008707045908,0.8912110868384091,-0.7363543193049094,0.24367699808190374,0.24815194400641497
0.45642446827458416,-0.07479025835800619,0.6890930668579043,0.8918550761765958,-0.7375546092927642,0.24940549057605776,0.2525508581447373
0.45517320944051537,-0.07441695176741442,0.6958852630112178,0.8924990655147824,-0.738754899280619,0.25513398307021184,0.2569497722830597
0.4538989917287573,-0.07403679551460995,0.7028020866168856,0.8931548711711009,-0.7399772129379757,0.26096758551838706,0.26142940044226876
0.4526247740169992,-0.07365663926180549,0.7097189102225535,0.8938106768274194,-0.7411995265953324,0.26680118796656227,0.2659090286014778
0.4513505563052411,-0.07327648300900103,0.7166357338282213,0.894466482483738,-0.7424218402526891,0.2726347904147375,0.2703886567606868
0.450076338593483,-0.07289632675619656,0.7235525574338891,0.8951222881400565,-0.7436441539100458,0.27846839286291275,0.27486828491989584
0.44880212088172494,-0.0725161705033921,0.7304693810395569,0.895778093796375,-0.7448664675674025,0.28430199531108796,0.2793479130791049
0.4475279031699668,-0.07213601425058763,0.7373862046452249,0.8964338994526935,-0.7460887812247592,0.2901355977592632,0.2838275412383139
0.44625368545820876,-0.07175585799778317,0.7443030282508927,0.897089705109012,-0.7473110948821159,0.2959692002074384,0.28830716939752293
0.44497946774645064,-0.0713757017449787,0.7512198518565605,0.8977455107653305,-0.7485334085394726,0.3018028026556136,0.292786797556732
0.4437052500346926,-0.07099554549217424,0.7581366754622283,0.898401316421649,-0.7497557221968293,0.3076364051037888,0.29726642571594103
0.44243103232293446,-0.07061538923936977,0.7650534990678962,0.8990571220779675,-0.750978035854186,0.313470007551964,0.3017460538751501
0.4411568146111764,-0.07023523298656531,0.771970322673564,0.899712927734286,-0.7522003495115427,0.3193036100001393,0.30622568203435907
0.4398825968994183,-0.06985507673376085,0.7788871462792318,0.9003687333906045,-0.7534226631688994,0.3251372124483145,0.3107053101935681
0.4386083791876602,-0.06947492048095638,0.7858039698848998,0.901024539046923,-0.7546449768262561,0.3309708148964897,0.31518493835277717
0.4373341614759021,-0.06909476422815192,0.7927207934905676,0.9016803447032415,-0.7558672904836128,0.33680441734466493,0.31966456651198616
0.43605994376414403,-0.06871460797534745,0.7996376170962354,0.90233615035956,-0.7570896041409695,0.34263801979284014,0.3241441946711952
0.4347857260523859,-0.06833445172254299,0.8065544407019032,0.9029919560158786,-0.7583119177983262,0.34847162224101536,0.32862382283040426
0.43351150834062785,-0.06795429546973852,0.8134712643075711,0.9036477616721971,-0.7595342314556829,0.35430522468919057,0.3331034509896133
0.43223729062886973,-0.06757413921693406,0.8203880879132389,0.9043035673285156,-0.7607565451130396,0.3601388271373658,0.33758307914882235
0.43096307291711167,-0.0671939829641296,0.8273049115189067,0.904959372984834,-0.7619788587703963,0.36597242958554105,0.34206270730803134
0.4296888552053536,-0.06681382671132512,0.8342217351245746,0.9056151786411525,-0.763201172427753,0.37180603203371626,0.3465423354672404
0.4284146374935955,-0.06643367045852065,0.8411385587302425,0.906270984297471,-0.7644234860851097,0.3776396344818915,0.35102196362644944
0.4271404197818374,-0.06605351420571619,0.8480553823359103,0.9069267899537895,-0.7656457997424664,0.3834732369300667,0.35550159178565843
0.4258662020700793,-0.06567335795291172,0.8549722059415781,0.907582595610108,-0.7668681133998231,0.3893068393782419,0.3599812199448675
0.42459198435832124,-0.06529320170010726,0.861889029547246,0.9082384012664265,-0.7680904270571798,0.39514044182641717,0.36446084810407653
0.4233177666465631,-0.0649130454473028,0.8688058531529138,0.908894206922745,-0.7693127407145365,0.4009740442745924,0.3689404762632856
0.42204354893480506,-0.06453288919449833,0.8757226767585816,0.9095500125790635,-0.7705350543718932,0.4068076467227676,0.3734201044224946
0.42076933122304694,-0.06415273294169387,0.8826395003642495,0.910205818235382,-0.7717573680292499,0.4126412491709428,0.3778997325817036
0.4194951135112889,-0.0637725766888894,0.8895563239699174,0.9108616238917006,-0.7729796816866066,0.418474851619118,0.38237936074091267
0.41822089579953076,-0.06339242043608494,0.8964731475755852,0.9115174295480191,-0.7742019953439633,0.42430845406729323,0.3868589889001217
0.4169466780877727,-0.06301226418328047,0.903389971181253,0.9121732352043376,-0.77542430900132,0.43014205651546844,0.3913386170593307
0.4156724603760146,-0.06263210793047601,0.9103067947869209,0.9128290408606561,-0.7766466226586767,0.43597565896364365,0.39581824521853975
0.4143982426642565,-0.062251951677671544,0.9172236183925887,0.9134848465169746,-0.7778689363160334,0.44180926141181887,0.4002978733777488
0.4131240249524984,-0.06187179542486708,0.9241404419982565,0.9141406521732931,-0.7790912499733901,0.4476428638599941,0.40477750153695785
0.41184980724074033,-0.061491639172062615,0.9310572656039244,0.9147964578296116,-0.7803135636307468,0.45347646630816935,0.4092571296961669
0.4105755895289822,-0.06111148291925815,0.9379740892095922,0.9154522634859301,-0.7815358772881035,0.45931006875634456,0.4137367578553759
0.40930137181722415,-0.060731326666453686,0.94489091281526,0.9161080691422486,-0.7827581909454602,0.46514367120451977,0.41821638601458494
0.4088766325799715,-0.06060460791551887,0.947196520683816,0.9163266710276882,-0.7831656288312457,0.46708820535391155,0.41970959540098796
0.4076253737459027,-0.06023130132492709,0.9539887168371295,0.9169706603658748,-0.7843659188191006,0.4728166978480655,0.42410850953931034
0.40637411491183395,-0.05985799473433532,0.960780912990443,0.9176146497040615,-0.7855662088069553,0.4785451903422196,0.4285074236776327
0.4051228560777652,-0.059484688143743546,0.9675731091437565,0.9182586390422481,-0.7867664987948101,0.4842736828363737,0.4329063378159551
0.4038715972436965,-0.05911138155315178,0.97436530529707,0.9189026283804347,-0.7879667887826648,0.49000217533052776,0.4373052519542775
0.4026203384096277,-0.058738074962560005,0.9811575014503833,0.9195466177186213,-0.7891670787705196,0.4957306678246817,0.4417041660925999
0.40136907957555895,-0.05836476837196823,0.9879496976036968,0.920190607056808,-0.7903673687583744,0.5014591603188359,0.44610308023092227
0.40011782074149016,-0.05799146178137646,0.9947418937570103,0.9208345963949947,-0.7915676587462291,0.5071876528129899,0.45050199436924465
0.3988665619074214,-0.05761815519078469,1.0015340899103238,0.9214785857331813,-0.792767948734084,0.5129161453071438,0.4549009085075669
0.3978380713032839,-0.05731131034746975,1.0071170354487993,0.9220079222425077,-0.7937545447453462,0.5176247639763536,0.4585166606896799
0.39654025445484614,-0.05694837721489379,1.0138563504054594,0.9228385875904799,-0.7951842377261729,0.5232647779549339,0.46311463361056504
0.3952424376064084,-0.05658544408231784,1.0205956653621198,0.923669252938452,-0.7966139307069996,0.5289047919335143,0.46771260653145025
0.39394462075797065,-0.056222510949741886,1.02733498031878,0.9244999182864243,-0.7980436236878263,0.5345448059120945,0.47231057945233546
0.3926468039095329,-0.055859577817165926,1.03407429527544,0.9253305836343965,-0.799473316668653,0.5401848198906749,0.4769085523732206
0.3913489870610951,-0.05549664468458997,1.0408136102321002,0.9261612489823687,-0.8009030096494797,0.5458248338692553,0.48150652529410587
0.3900511702126574,-0.05513371155201402,1.0475529251887603,0.9269919143303409,-0.8023327026303063,0.5514648478478356,0.486104498214991
0.3887533533642196,-0.05477077841943806,1.0542922401454207,0.9278225796783132,-0.803762395611133,0.5571048618264158,0.49070247113587623
0.38745553651578185,-0.0544078452868621,1.0610315551020806,0.9286532450262853,-0.8051920885919598,0.5627448758049962,0.49530044405676144
0.38615771966734413,-0.05404491215428615,1.067770870058741,0.9294839103742575,-0.8066217815727864,0.5683848897835766,0.4998984169776466
0.38485990281890636,-0.053681979021710194,1.074510185015401,0.9303145757222298,-0.8080514745536131,0.574024903762157,0.5044963898985317
0.3835620859704686,-0.053319045889134234,1.0812494999720612,0.9311452410702019,-0.8094811675344398,0.5796649177407373,0.509094362819417
0.3822642691220308,-0.05295611275655828,1.0879888149287216,0.9319759064181742,-0.8109108605152665,0.5853049317193175,0.5136923357403023
0.3809664522735931,-0.05259317962398233,1.0947281298853815,0.9328065717661463,-0.8123405534960932,0.5909449456978979,0.5182903086611874
0.37966863542515533,-0.05223024649140637,1.1014674448420418,0.9336372371141186,-0.8137702464769199,0.5965849596764783,0.5228882815820726
0.3782606504881473,-0.05184907737338465,1.1079805969100671,0.9346863381378184,-0.81588130483299,0.6023445409518964,0.5279891346981456
0.3768526655511392,-0.05146790825536294,1.1144937489780924,0.9357354391615184,-0.8179923631890601,0.6081041222273145,0.5330899878142186
0.37544468061413117,-0.05108673913734122,1.1210069010461177,0.9367845401852182,-0.8201034215451303,0.6138637035027327,0.5381908409302916
0.3740366956771231,-0.0507055700193195,1.127520053114143,0.9378336412089181,-0.8222144799012003,0.6196232847781508,0.5432916940463646
0.37262871074011505,-0.050324400901297785,1.1340332051821682,0.9388827422326179,-0.8243255382572705,0.6253828660535689,0.5483925471624376
0.371220725803107,-0.049943231783276074,1.1405463572501935,0.9399318432563178,-0.8264365966133406,0.6311424473289869,0.5534934002785106
0.36981274086609894,-0.049562062665254356,1.1470595093182188,0.9409809442800177,-0.8285476549694107,0.6369020286044051,0.5585942533945836
0.3684047559290909,-0.04918089354723264,1.153572661386244,0.9420300453037176,-0.8306587133254808,0.6426616098798232,0.5636951065106566
0.36699677099208283,-0.04879972442921092,1.1600858134542693,0.9430791463274174,-0.832769771681551,0.6484211911552413,0.5687959596267296
0.3655887860550748,-0.04841855531118921,1.1665989655222946,0.9441282473511173,-0.834880830037621,0.6541807724306594,0.5738968127428026
0.3641808011180667,-0.04803738619316749,1.1731121175903199,0.9451773483748172,-0.8369918883936912,0.6599403537060775,0.5789976658588756
0.3627728161810586,-0.04765621707514577,1.1796252696583451,0.946226449398517,-0.8391029467497614,0.6656999349814957,0.5840985189749486
0.36136483124405056,-0.04727504795712406,1.1861384217263704,0.9472755504222169,-0.8412140051058314,0.6714595162569138,0.5891993720910216
0.3599568463070425,-0.04689387883910234,1.1926515737943957,0.9483246514459167,-0.8433250634619016,0.6772190975323319,0.5943002252070946
0.35854886137003444,-0.046512709721080625,1.199164725862421,0.9493737524696166,-0.8454361218179717,0.68297867880775,0.5994010783231676
0.3571408764330264,-0.04613154060305891,1.2056778779304462,0.9504228534933165,-0.8475471801740418,0.6887382600831682,0.6045019314392406
0.35573289149601833,-0.045750371485037196,1.2121910299984715,0.9514719545170164,-0.8496582385301119,0.6944978413585863,0.6096027845553136
0.3543249065590103,-0.04536920236701548,1.2187041820664968,0.9525210555407162,-0.8517692968861821,0.7002574226340044,0.6147036376713866
0.3529169216220022,-0.04498803324899376,1.225217334134522,0.9535701565644161,-0.8538803552422521,0.7060170039094225,0.6198044907874596
0.35150893668499417,-0.04460686413097205,1.2317304862025473,0.9546192575881159,-0.8559914135983223,0.7117765851848405,0.6249053439035326
0.3501009517479861,-0.04422569501295033,1.2382436382705726,0.9556683586118159,-0.8581024719543924,0.7175361664602588,0.6300061970196056
0.34869296681097806,-0.04384452589492861,1.2447567903385979,0.9567174596355157,-0.8602135303104625,0.7232957477356768,0.6351070501356786
0.34775038832043387,-0.04358935142362324,1.2491170337500148,0.957419782532129,-0.8616267827866884,0.7271515115880134,0.6385218270301334
0.3462509974652239,-0.043217549922226324,1.2538871222502452,0.9589383530553239,-0.865394358158533,0.732310383249501,0.6442592671796821
0.3447516066100139,-0.04284574842082941,1.2586572107504752,0.9604569235785188,-0.8691619335303777,0.7374692549109889,0.6499967073292306
0.34325221575480397,-0.042473946919432494,1.2634272992507054,0.9619754941017137,-0.8729295089022224,0.7426281265724766,0.6557341474787792
0.341752824899594,-0.04210214541803558,1.2681973877509356,0.9634940646249086,-0.8766970842740671,0.7477869982339642,0.6614715876283279
0.340253434044384,-0.041730343916638664,1.2729674762511656,0.9650126351481034,-0.8804646596459118,0.7529458698954521,0.6672090277778765
0.338754043189174,-0.04135854241524175,1.277737564751396,0.9665312056712984,-0.8842322350177565,0.7581047415569397,0.6729464679274251
0.3372546523339641,-0.040986740913844834,1.282507653251626,0.9680497761944933,-0.8879998103896012,0.7632636132184274,0.6786839080769738
0.3357552614787541,-0.04061493941244792,1.2872777417518562,0.9695683467176881,-0.8917673857614459,0.7684224848799153,0.6844213482265223
0.3342558706235441,-0.040243137911051004,1.2920478302520864,0.971086917240883,-0.8955349611332906,0.7735813565414029,0.6901587883760709
0.3327564797683342,-0.03987133640965409,1.2968179187523163,0.972605487764078,-0.8993025365051353,0.7787402282028906,0.6958962285256196
0.3312570889131242,-0.039499534908257174,1.3015880072525468,0.9741240582872729,-0.9030701118769799,0.7838990998643784,0.7016336686751682
0.3297576980579142,-0.03912773340686026,1.3063580957527767,0.9756426288104678,-0.9068376872488246,0.7890579715258661,0.7073711088247168
0.3282583072027043,-0.038755931905463344,1.311128184253007,0.9771611993336626,-0.9106052626206693,0.7942168431873537,0.7131085489742655
0.3267589163474943,-0.03838413040406643,1.3158982727532371,0.9786797698568576,-0.914372837992514,0.7993757148488416,0.718845989123814
0.3252595254922843,-0.038012328902669514,1.320668361253467,0.9801983403800525,-0.9181404133643587,0.8045345865103293,0.7245834292733626
0.3234226774826772,-0.037655404984528046,1.3225303882576855,0.9784352650559772,-0.9237369874132386,0.8052267936361308,0.7323836336271795
0.32158582947307013,-0.037298481066386585,1.3243924152619038,0.9766721897319021,-0.9293335614621185,0.8059190007619323,0.7401838379809964
0.31974898146346303,-0.03694155714824512,1.3262544422661222,0.9749091144078268,-0.9349301355109985,0.8066112078877339,0.7479840423348133
0.31791213345385594,-0.03658463323010365,1.3281164692703404,0.9731460390837516,-0.9405267095598784,0.8073034150135354,0.7557842466886301
0.31607528544424884,-0.03622770931196219,1.3299784962745589,0.9713829637596764,-0.9461232836087583,0.807995622139337,0.763584451042447
0.31423843743464175,-0.03587078539382072,1.331840523278777,0.9696198884356011,-0.9517198576576382,0.8086878292651385,0.7713846553962639
0.3124015894250347,-0.035513861475679254,1.3337025502829956,0.9678568131115259,-0.957316431706518,0.80938003639094,0.7791848597500808
0.3105647414154276,-0.03515693755753779,1.335564577287214,0.9660937377874507,-0.962913005755398,0.8100722435167416,0.7869850641038977
0.3087278934058205,-0.034800013639396325,1.3374266042914322,0.9643306624633755,-0.9685095798042779,0.8107644506425431,0.7947852684577146
0.3068910453962134,-0.03444308972125486,1.3392886312956507,0.9625675871393002,-0.9741061538531578,0.8114566577683446,0.8025854728115315
0.30505419738660633,-0.0340861658031134,1.341150658299869,0.9608045118152251,-0.9797027279020377,0.8121488648941462,0.8103856771653484
0.30321734937699923,-0.03372924188497193,1.3430126853040874,0.9590414364911498,-0.9852993019509176,0.8128410720199477,0.8181858815191652
0.30138050136739214,-0.03337231796683046,1.3448747123083056,0.9572783611670745,-0.9908958759997976,0.8135332791457492,0.8259860858729821
0.29954365335778504,-0.033015394048689,1.346736739312524,0.9555152858429994,-0.9964924500486775,0.8142254862715508,0.833786290226799
0.29770680534817795,-0.03265847013054753,1.3485987663167425,0.9537522105189241,-1.0020890240975573,0.8149176933973523,0.8415864945806159
0.29586995733857085,-0.032301546212406065,1.3504607933209607,0.951989135194849,-1.0076855981464372,0.8156099005231539,0.8493866989344327
0.29403310932896376,-0.031944622294264605,1.3523228203251791,0.9502260598707737,-1.0132821721953171,0.8163021076489554,0.8571869032882496
0.2921962613193567,-0.03158769837612314,1.3541848473293974,0.9484629845466985,-1.018878746244197,0.8169943147747569,0.8649871076420665
0.29035941330974957,-0.03123077445798167,1.3560468743336158,0.9466999092226233,-1.024475320293077,0.8176865219005585,0.8727873119958833
0.28852256530014253,-0.030873850539840205,1.357908901337834,0.944936833898548,-1.030071894341957,0.81837872902636,0.8805875163497002
0.28668571729053544,-0.03051692662169874,1.3597709283420525,0.9431737585744728,-1.0356684683908368,0.8190709361521615,0.8883877207035171
0.28484886928092834,-0.030160002703557273,1.3616329553462707,0.9414106832503976,-1.0412650424397167,0.8197631432779631,0.896187925057334
0.28301202127132125,-0.02980307878541581,1.3634949823504892,0.9396476079263224,-1.0468616164885967,0.8204553504037646,0.9039881294111509
0.28117517326171415,-0.029446154867274345,1.3653570093547076,0.9378845326022471,-1.0524581905374766,0.8211475575295661,0.9117883337649678
0.27933832525210706,-0.029089230949132877,1.3672190363589258,0.9361214572781719,-1.0580547645863565,0.8218397646553677,0.9195885381187847
0.27750147724249996,-0.028732307030991413,1.3690810633631443,0.9343583819540967,-1.0636513386352364,0.8225319717811692,0.9273887424726015
0.27566462923289287,-0.02837538311284995,1.3709430903673625,0.9325953066300214,-1.0692479126841163,0.8232241789069707,0.9351889468264185
0.27382778122328577,-0.02801845919470848,1.372805117371581,0.9308322313059463,-1.0748444867329963,0.8239163860327723,0.9429891511802353
0.2719909332136787,-0.027661535276567017,1.3746671443757992,0.929069155981871,-1.0804410607818762,0.8246085931585738,0.9507893555340522
0.2701540852040716,-0.027304611358425553,1.3765291713800176,0.9273060806577959,-1.086037634830756,0.8253008002843754,0.9585895598878691
0.26831723719446454,-0.026947687440284085,1.378391198384236,0.9255430053337206,-1.091634208879636,0.8259930074101769,0.966389764241686
0.26648038918485745,-0.02659076352214262,1.3802532253884543,0.9237799300096453,-1.097230782928516,0.8266852145359784,0.9741899685955029
0.26464354117525035,-0.026233839604001156,1.3821152523926727,0.9220168546855702,-1.1028273569773959,0.82737742166178,0.9819901729493197
0.26280669316564326,-0.02587691568585969,1.383977279396891,0.9202537793614949,-1.1084239310262758,0.8280696287875815,0.9897903773031367
0.26096984515603616,-0.025519991767718225,1.3858393064011094,0.9184907040374197,-1.1140205050751557,0.828761835913383,0.9975905816569535
0.25913299714642907,-0.02516306784957676,1.3877013334053276,0.9167276287133445,-1.1196170791240356,0.8294540430391846,1.0053907860107705
0.25729614913682197,-0.024806143931435293,1.389563360409546,0.9149645533892692,-1.1252136531729153,0.8301462501649861,1.0131909903645873
0.2554593011272149,-0.02444922001329383,1.3914253874137645,0.913201478065194,-1.1308102272217955,0.8308384572907876,1.020991194718404
0.2536224531176078,-0.024092296095152364,1.3932874144179828,0.9114384027411188,-1.1364068012706752,0.8315306644165892,1.028791399072221
0.2517856051080007,-0.023735372177010897,1.3951494414222012,0.9096753274170436,-1.1420033753195553,0.8322228715423907,1.0365916034260378
0.2499487570983936,-0.023378448258869432,1.3970114684264194,0.9079122520929683,-1.147599949368435,0.8329150786681923,1.0443918077798549
0.24811190908878653,-0.023021524340727968,1.3988734954306379,0.9061491767688932,-1.153196523417315,0.8336072857939938,1.0521920121336716
0.24627506107917943,-0.0226646004225865,1.400735522434856,0.9043861014448179,-1.1587930974661949,0.8342994929197953,1.0599922164874886
0.24443821306957234,-0.022307676504445036,1.4025975494390746,0.9026230261207426,-1.1643896715150748,0.8349917000455969,1.0677924208413054
0.24260136505996527,-0.021950752586303572,1.404459576443293,0.9008599507966675,-1.1699862455639547,0.8356839071713984,1.0755926251951222
0.24076451705035817,-0.021593828668162104,1.4063216034475112,0.8990968754725922,-1.1755828196128346,0.8363761142971999,1.0833928295489392
0.23892766904075108,-0.02123690475002064,1.4081836304517297,0.897333800148517,-1.1811793936617145,0.8370683214230015,1.0911930339027562
0.23709082103114398,-0.020879980831879176,1.410045657455948,0.8955707248244418,-1.1867759677105945,0.837760528548803,1.098993238256573
0.2352539730215369,-0.02052305691373771,1.4119076844601663,0.8938076495003666,-1.1923725417594744,0.8384527356746045,1.1067934426103898
0.2334171250119298,-0.020166132995596244,1.4137697114643846,0.8920445741762913,-1.1979691158083543,0.8391449428004061,1.1145936469642068
0.2315802770023227,-0.019809209077454776,1.415631738468603,0.8902814988522161,-1.2035656898572342,0.8398371499262076,1.1223938513180236
0.2297434289927156,-0.019452285159313312,1.4174937654728215,0.8885184235281409,-1.2091622639061141,0.8405293570520092,1.1301940556718404
0.2279065809831085,-0.019095361241171848,1.4193557924770397,0.8867553482040657,-1.214758837954994,0.8412215641778107,1.1379942600256574
0.22606973297350144,-0.01873843732303038,1.4212178194812581,0.8849922728799905,-1.220355412003874,0.8419137713036122,1.1457944643794744
0.22423288496389435,-0.018381513404888916,1.4230798464854764,0.8832291975559152,-1.225951986052754,0.8426059784294138,1.1535946687332912
0.22239603695428725,-0.018024589486747452,1.4249418734896948,0.88146612223184,-1.2315485601016338,0.8432981855552153,1.161394873087108
0.22055918894468018,-0.017667665568605984,1.426803900493913,0.8797030469077648,-1.2371451341505137,0.8439903926810168,1.169195077440925
0.2187223409350731,-0.01731074165046452,1.4286659274981315,0.8779399715836895,-1.2427417081993937,0.8446825998068184,1.1769952817947418
0.216885492925466,-0.016953817732323056,1.4305279545023497,0.8761768962596144,-1.2483382822482736,0.8453748069326199,1.1847954861485586
0.2150486449158589,-0.016596893814181588,1.4323899815065682,0.8744138209355391,-1.2539348562971535,0.8460670140584214,1.1925956905023756
0.2132117969062518,-0.016239969896040124,1.4342520085107866,0.8726507456114638,-1.2595314303460334,0.846759221184223,1.2003958948561926
0.2113749488966447,-0.01588304597789866,1.4361140355150048,0.8708876702873887,-1.2651280043949131,0.8474514283100245,1.2081960992100094
0.20953810088703761,-0.015526122059757192,1.4379760625192233,0.8691245949633134,-1.2707245784437933,0.848143635435826,1.2159963035638262
0.20770125287743052,-0.015169198141615728,1.4398380895234415,0.8673615196392382,-1.276321152492673,0.8488358425616276,1.2237965079176432
0.20586440486782343,-0.014812274223474264,1.44170011652766,0.865598444315163,-1.2819177265415531,0.8495280496874291,1.23159671227146
0.20402755685821636,-0.014455350305332796,1.4435621435318782,0.8638353689910878,-1.2875143005904328,0.8502202568132307,1.2393969166252767
0.20219070884860926,-0.014098426387191332,1.4454241705360966,0.8620722936670125,-1.293110874639313,0.8509124639390322,1.2471971209790937
0.20035386083900217,-0.013741502469049868,1.447286197540315,0.8603092183429373,-1.2987074486881927,0.8516046710648337,1.2549973253329108
0.19851701282939507,-0.0133845785509084,1.4491482245445333,0.8585461430188621,-1.3043040227370726,0.8522968781906353,1.2627975296867275
0.19668016481978798,-0.013027654632766936,1.4510102515487517,0.8567830676947868,-1.3099005967859525,0.8529890853164368,1.2705977340405443
0.1948433168101809,-0.012670730714625471,1.45287227855297,0.8550199923707117,-1.3154971708348324,0.8536812924422383,1.2783979383943613
0.19300646880057382,-0.012313806796484004,1.4547343055571884,0.8532569170466364,-1.3210937448837123,0.8543734995680399,1.2861981427481781
0.19116962079096672,-0.01195688287834254,1.4565963325614066,0.8514938417225613,-1.3266903189325923,0.8550657066938414,1.293998347101995
0.18933277278135963,-0.011599958960201072,1.458458359565625,0.849730766398486,-1.3322868929814722,0.855757913819643,1.301798551455812
0.18928740122856835,-0.011591142666033168,1.4585043530588695,0.8496872170875344,-1.3324251326472372,0.8557750118658539,1.3019912224780037
0.18765934082482116,-0.011286166965148094,1.459719669921442,0.8476689905367772,-1.337460389897085,0.8557783044242057,1.309104116910798
0.1869895635304099,-0.011262782596889549,1.4565469287648516,0.8424026194574663,-1.3398430495787723,0.8506745953641509,1.3148514935932722
0.18631978623599865,-0.011239398228631004,1.4533741876082613,0.8371362483781555,-1.3422257092604595,0.8455708863040962,1.3205988702757467
0.18565000894158737,-0.011216013860372458,1.450201446451671,0.8318698772988445,-1.3446083689421469,0.8404671772440415,1.326346246958221
0.1849802316471761,-0.011192629492113913,1.4470287052950805,0.8266035062195336,-1.3469910286238342,0.8353634681839868,1.3320936236406955
0.18431045435276486,-0.011169245123855368,1.4438559641384903,0.8213371351402228,-1.3493736883055216,0.830259759123932,1.3378410003231698
0.1836406770583536,-0.011145860755596822,1.4406832229819,0.8160707640609118,-1.3517563479872088,0.8251560500638773,1.3435883770056443
0.18297089976394232,-0.011122476387338277,1.4375104818253095,0.8108043929816009,-1.3541390076688962,0.8200523410038225,1.3493357536881185
0.18230112246953106,-0.011099092019079732,1.4343377406687192,0.8055380219022901,-1.3565216673505835,0.8149486319437679,1.355083130370593
0.1816313451751198,-0.011075707650821186,1.431164999512129,0.8002716508229791,-1.3589043270322707,0.8098449228837131,1.3608305070530675
0.1814742622971163,-0.011167505414582743,1.4270621919655875,0.7945853175111298,-1.3595334408996882,0.8040158838013538,1.3655271778963494
0.18131717941911277,-0.0112593031783443,1.422959384419046,0.7888989841992805,-1.3601625547671057,0.7981868447189944,1.3702238487396314
0.18116009654110926,-0.011351100942105855,1.4188565768725045,0.7832126508874312,-1.3607916686345232,0.792357805636635,1.3749205195829133
0.18100301366310576,-0.011442898705867411,1.414753769325963,0.777526317575582,-1.3614207825019409,0.7865287665542757,1.3796171904261954
0.18084593078510222,-0.011534696469628968,1.4106509617794214,0.7718399842637327,-1.3620498963693584,0.7806997274719164,1.3843138612694772
0.18068884790709872,-0.011626494233390523,1.40654815423288,0.7661536509518834,-1.3626790102367758,0.7748706883895571,1.389010532112759
0.1805317650290952,-0.01171829199715208,1.4024453466863385,0.7604673176400341,-1.3633081241041933,0.7690416493071977,1.3937072029560411
0.18056365067272656,-0.011849640717498748,1.3980999558802298,0.7547590140279097,-1.3632888194466906,0.7630834841984235,1.3979166828976888
0.18059553631635794,-0.011980989437845414,1.393754565074121,0.7490507104157853,-1.3632695147891878,0.7571253190896494,1.4021261628393364
0.1806274219599893,-0.012112338158192081,1.3894091742680124,0.7433424068036608,-1.363250210131685,0.7511671539808754,1.406335642780984
0.18065930760362064,-0.012243686878538749,1.3850637834619037,0.7376341031915364,-1.3632309054741822,0.7452089888721013,1.4105451227226318
0.18069119324725202,-0.012375035598885416,1.3807183926557949,0.7319257995794121,-1.3632116008166795,0.7392508237633272,1.4147546026642797
0.18072307889088338,-0.012506384319232084,1.3763730018496863,0.7262174959672877,-1.363192296159177,0.7332926586545531,1.4189640826059273
0.18075496453451476,-0.01263773303957875,1.3720276110435776,0.7205091923551632,-1.3631729915016741,0.727334493545779,1.423173562547575
0.1807868501781461,-0.012769081759925418,1.3676822202374688,0.7148008887430388,-1.3631536868441714,0.7213763284370049,1.4273830424892227
0.18081873582177746,-0.012900430480272085,1.3633368294313601,0.7090925851309144,-1.3631343821866686,0.7154181633282308,1.4315925224308703
0.18085062146540884,-0.013031779200618751,1.3589914386252515,0.7033842815187901,-1.3631150775291658,0.7094599982194567,1.435802002372518
0.1808825071090402,-0.013163127920965419,1.3546460478191427,0.6976759779066657,-1.363095772871663,0.7035018331106826,1.4400114823141656
0.18091439275267154,-0.013294476641312086,1.350300657013034,0.6919676742945413,-1.3630764682141603,0.6975436680019085,1.4442209622558133
0.18094627839630292,-0.013425825361658754,1.3459552662069252,0.6862593706824168,-1.3630571635566575,0.6915855028931344,1.4484304421974612
0.18097816403993428,-0.013557174082005422,1.3416098754008166,0.6805510670702924,-1.3630378588991547,0.6856273377843604,1.4526399221391089
0.18101004968356565,-0.013688522802352087,1.337264484594708,0.6748427634581681,-1.363018554241652,0.6796691726755862,1.4568494020807565
0.181041935327197,-0.013819871522698755,1.332919093788599,0.6691344598460437,-1.3629992495841492,0.6737110075668121,1.4610588820224042
0.18107382097082836,-0.013951220243045423,1.3285737029824904,0.6634261562339192,-1.3629799449266466,0.667752842458038,1.4652683619640519
0.18110570661445974,-0.014082568963392088,1.3242283121763818,0.6577178526217948,-1.3629606402691439,0.6617946773492639,1.4694778419056995
0.1811375922580911,-0.014213917683738756,1.319882921370273,0.6520095490096705,-1.362941335611641,0.6558365122404899,1.4736873218473472
0.18116947790172244,-0.014345266404085424,1.3155375305641643,0.6463012453975461,-1.3629220309541383,0.6498783471317158,1.4778968017889949
0.18120136354535382,-0.014476615124432091,1.3111921397580557,0.6405929417854217,-1.3629027262966356,0.6439201820229417,1.4821062817306425
0.18123324918898517,-0.014607963844778759,1.3068467489519469,0.6348846381732972,-1.3628834216391328,0.6379620169141675,1.4863157616722904
0.18126513483261655,-0.014739312565125425,1.3025013581458382,0.6291763345611728,-1.36286411698163,0.6320038518053934,1.490525241613938
0.1812970204762479,-0.014870661285472092,1.2981559673397296,0.6234680309490485,-1.3628448123241272,0.6260456866966193,1.4947347215555857
0.18132890611987926,-0.01500201000581876,1.2938105765336207,0.6177597273369241,-1.3628255076666245,0.6200875215878453,1.4989442014972334
0.18136079176351064,-0.015133358726165426,1.2894651857275121,0.6120514237247996,-1.3628062030091217,0.6141293564790712,1.503153681438881
0.181392677407142,-0.015264707446512094,1.2851197949214035,0.6063431201126752,-1.3627868983516191,0.6081711913702971,1.5073631613805287
0.18142456305077334,-0.015396056166858761,1.2807744041152946,0.6006348165005508,-1.3627675936941164,0.602213026261523,1.5115726413221764
0.18145644869440472,-0.015527404887205429,1.276429013309186,0.5949265128884265,-1.3627482890366136,0.596254861152749,1.515782121263824
0.18148833433803607,-0.015658753607552096,1.2720836225030774,0.5892182092763021,-1.3627289843791108,0.5902966960439748,1.5199916012054717
0.18152021998166745,-0.015790102327898764,1.2677382316969685,0.5835099056641777,-1.362709679721608,0.5843385309352007,1.5242010811471196
0.1815521056252988,-0.01592145104824543,1.26339284089086,0.5778016020520532,-1.3626903750641053,0.5783803658264266,1.5284105610887673
0.18158399126893016,-0.0160527997685921,1.259047450084751,0.5720932984399288,-1.3626710704066025,0.5724222007176525,1.532620041030415
0.18161587691256154,-0.016184148488938763,1.2547020592786424,0.5663849948278045,-1.3626517657490997,0.5664640356088784,1.5368295209720626
0.1816477625561929,-0.01631549720928543,1.2503566684725338,0.56067669121568,-1.362632461091597,0.5605058705001043,1.5410390009137103
0.18167964819982424,-0.0164468459296321,1.2460112776664252,0.5549683876035556,-1.3626131564340942,0.5545477053913302,1.545248480855358
0.18171153384345562,-0.016578194649978766,1.2416658868603163,0.5492600839914312,-1.3625938517765914,0.5485895402825561,1.5494579607970056
0.18174341948708697,-0.016709543370325434,1.2373204960542077,0.5435517803793068,-1.3625745471190889,0.542631375173782,1.5536674407386535
0.18177530513071835,-0.016840892090672098,1.2329751052480988,0.5378434767671825,-1.362555242461586,0.5366732100650079,1.5578769206803011
0.1818071907743497,-0.016972240811018766,1.2286297144419902,0.5321351731550581,-1.3625359378040833,0.5307150449562339,1.5620864006219488
0.18183907641798105,-0.017103589531365433,1.2242843236358816,0.5264268695429336,-1.3625166331465806,0.5247568798474598,1.5662958805635965
0.18187096206161243,-0.0172349382517121,1.2199389328297727,0.5207185659308092,-1.3624973284890778,0.5187987147386857,1.5705053605052441
0.1819028477052438,-0.01736628697205877,1.215593542023664,0.5150102623186849,-1.362478023831575,0.5128405496299115,1.5747148404468918
0.1819037116417589,-0.01736984584504344,1.2154758043410518,0.514855596727274,-1.3624775007749066,0.5126791140804228,1.5748288956459398
0.18233060111046867,-0.01758121818116392,1.2107148427914143,0.5092226373892391,-1.3611008813460261,0.5065772311975032,1.5779287596233134
0.18275749057917842,-0.017792590517284403,1.2059538812417767,0.5035896780512042,-1.359724261917146,0.5004753483145835,1.581028623600687
0.1831843800478882,-0.018003962853404883,1.2011929196921391,0.49795671871316943,-1.3583476424882654,0.4943734654316639,1.5841284875780608
0.18361126951659798,-0.018215335189525363,1.1964319581425016,0.49232375937513456,-1.3569710230593852,0.48827158254874425,1.5872283515554344
0.18398061665500437,-0.018418889424851523,1.1922562766176141,0.4868517859161266,-1.3555528048528904,0.48260611891195576,1.5918295749006508
0.18434996379341073,-0.018622443660177686,1.1880805950927267,0.4813798124571186,-1.3541345866463954,0.47694065527516727,1.5964307982458672
0.18471931093181712,-0.018825997895503845,1.1839049135678392,0.4759078389981106,-1.3527163684399006,0.47127519163837883,1.6010320215910838
0.1850886580702235,-0.019029552130830005,1.1797292320429518,0.47043586553910266,-1.3512981502334058,0.46560972800159034,1.6056332449363002
0.1854580052086299,-0.019233106366156168,1.1755535505180643,0.46496389208009464,-1.349879932026911,0.45994426436480185,1.6102344682815166
0.18582735234703626,-0.019436660601482327,1.171377868993177,0.4594919186210867,-1.348461713820416,0.4542788007280134,1.614835691626733
0.18619669948544265,-0.019640214836808487,1.1672021874682896,0.45401994516207866,-1.3470434956139212,0.4486133370912249,1.6194369149719494
0.18656604662384904,-0.01984376907213465,1.1630265059434022,0.4485479717030707,-1.3456252774074264,0.4429478734544364,1.624038138317166
0.18693539376225543,-0.02004732330746081,1.1588508244185147,0.44307599824406274,-1.3442070592009316,0.43728240981764793,1.6286393616623824
0.1873047409006618,-0.02025087754278697,1.1546751428936273,0.4376040247850547,-1.3427888409944366,0.43161694618085944,1.6332405850075988
0.18767408803906818,-0.02045443177811313,1.1504994613687398,0.43213205132604676,-1.3413706227879418,0.425951482544071,1.6378418083528152
0.18804343517747457,-0.02065798601343929,1.1463237798438524,0.42666007786703875,-1.339952404581447,0.4202860189072825,1.6424430316980319
0.18841278231588096,-0.02086154024876545,1.142148098318965,0.4211881044080308,-1.3385341863749523,0.414620555270494,1.6470442550432483
0.18878212945428732,-0.02106509448409161,1.1379724167940775,0.4157161309490228,-1.3371159681684572,0.4089550916337056,1.6516454783884646
0.1891514765926937,-0.021268648719417773,1.13379673526919,0.41024415749001486,-1.3356977499619624,0.4032896279969171,1.656246701733681
0.1895208237311001,-0.021472202954743932,1.1296210537443026,0.40477218403100684,-1.3342795317554677,0.3976241643601286,1.6608479250788974
0.18989017086950646,-0.021675757190070092,1.125445372219415,0.3993002105719988,-1.3328613135489726,0.3919587007233401,1.665449148424114
0.19025951800791285,-0.021879311425396255,1.1212696906945279,0.39382823711299086,-1.3314430953424778,0.3862932370865516,1.6700503717693305
0.19062886514631924,-0.022082865660722414,1.1170940091696404,0.3883562636539829,-1.330024877135983,0.3806277734497632,1.6746515951145469
0.19099821228472563,-0.022286419896048574,1.112918327644753,0.38288429019497494,-1.3286066589294883,0.3749623098129747,1.6792528184597633
0.191367559423132,-0.022489974131374733,1.1087426461198655,0.3774123167359669,-1.3271884407229932,0.3692968461761862,1.6838540418049797
0.19173690656153838,-0.022693528366700896,1.104566964594978,0.37194034327695896,-1.3257702225164985,0.36363138253939775,1.6884552651501963
0.19210625369994477,-0.022897082602027056,1.1003912830700906,0.36646836981795095,-1.3243520043100037,0.35796591890260926,1.6930564884954127
0.19247560083835116,-0.023100636837353215,1.0962156015452031,0.360996396358943,-1.3229337861035089,0.35230045526582077,1.697657711840629
0.19284494797675752,-0.02330419107267938,1.0920399200203157,0.355524422899935,-1.3215155678970139,0.3466349916290323,1.7022589351858455
0.19321429511516391,-0.023507745308005538,1.0878642384954282,0.350052449440927,-1.320097349690519,0.3409695279922438,1.7068601585310619
0.1935836422535703,-0.023711299543331697,1.0836885569705408,0.34458047598191904,-1.3186791314840243,0.33530406435545534,1.7114613818762785
0.1939529893919767,-0.02391485377865786,1.0795128754456533,0.339108502522911,-1.3172609132775293,0.32963860071866685,1.716062605221495
0.19432233653038306,-0.02411840801398402,1.0753371939207659,0.33363652906390306,-1.3158426950710345,0.32397313708187836,1.7206638285667113
0.19469168366878944,-0.02432196224931018,1.0711615123958786,0.3281645556048951,-1.3144244768645397,0.3183076734450899,1.7252650519119277
0.19506103080719583,-0.024525516484636342,1.0669858308709912,0.32269258214588714,-1.3130062586580449,0.31264220980830143,1.729866275257144
0.1954303779456022,-0.0247290707199625,1.0628101493461037,0.3172206086868791,-1.3115880404515499,0.30697674617151294,1.7344674986023607
0.19579972508400859,-0.02493262495528866,1.0586344678212163,0.3117486352278711,-1.310169822245055,0.30131128253472445,1.7390687219475771
0.19616907222241498,-0.025136179190614824,1.0544587862963288,0.30627666176886315,-1.3087516040385603,0.29564581889793595,1.7436699452927935
0.19653841936082136,-0.025339733425940984,1.0502831047714414,0.3008046883098552,-1.3073333858320655,0.2899803552611475,1.74827116863801
0.19690776649922773,-0.025543287661267143,1.046107423246554,0.2953327148508472,-1.3059151676255705,0.284314891624359,1.7528723919832265
0.19727711363763412,-0.025746841896593306,1.0419317417216665,0.2898607413918392,-1.3044969494190757,0.27864942798757053,1.757473615328443
0.1976464607760405,-0.025950396131919466,1.037756060196779,0.28438876793283124,-1.3030787312125809,0.2729839643507821,1.7620748386736593
0.1980158079144469,-0.026153950367245625,1.0335803786718916,0.2789167944738232,-1.301660513006086,0.2673185007139936,1.7666760620188757
0.19838515505285326,-0.026357504602571788,1.029404697147004,0.27344482101481526,-1.300242294799591,0.2616530370772051,1.7712772853640923
0.19875450219125965,-0.026561058837897947,1.0252290156221169,0.2679728475558073,-1.2988240765930963,0.2559875734404166,1.7758785087093087
0.19912384932966604,-0.026764613073224107,1.0210533340972294,0.2625008740967993,-1.2974058583866015,0.2503221098036281,1.7804797320545251
0.1994931964680724,-0.02696816730855027,1.016877652572342,0.2570289006377913,-1.2959876401801065,0.2446566461668397,1.7850809553997415
0.1998625436064788,-0.02717172154387643,1.0127019710474545,0.2515569271787833,-1.2945694219736117,0.2389911825300512,1.789682178744958
0.20023189074488518,-0.02737527577920259,1.008526289522567,0.24608495371977535,-1.293151203767117,0.2333257188932627,1.7942834020901746
0.20060123788329157,-0.027578830014528752,1.0043506079976796,0.24061298026076738,-1.291732985560622,0.22766025525647426,1.798884625435391
0.20097058502169793,-0.027782384249854908,1.0001749264727922,0.23514100680175937,-1.290314767354127,0.22199479161968577,1.8034858487806074
0.20133993216010432,-0.02798593848518107,0.9959992449479047,0.2296690333427514,-1.2888965491476323,0.21632932798289728,1.8080870721258238
0.2017092792985107,-0.028189492720507234,0.9918235634230173,0.22419705988374344,-1.2874783309411375,0.2106638643461088,1.8126882954710402
0.2020786264369171,-0.02839304695583339,0.9876478818981298,0.21872508642473543,-1.2860601127346427,0.2049984007093203,1.8172895188162568
0.20244797357532346,-0.028596601191159553,0.9834722003732425,0.21325311296572746,-1.2846418945281477,0.19933293707253186,1.8218907421614732
0.20281732071372985,-0.028800155426485712,0.979296518848355,0.20778113950671945,-1.283223676321653,0.19366747343574336,1.8264919655066896
0.20318666785213624,-0.02900370966181187,0.9751208373234675,0.2023091660477115,-1.2818054581151581,0.18800200979895487,1.831093188851906
0.2035560149905426,-0.029207263897138035,0.9709451557985801,0.19683719258870352,-1.2803872399086633,0.18233654616216644,1.8356944121971224
0.203925362128949,-0.029410818132464194,0.9667694742736928,0.1913652191296955,-1.2789690217021683,0.17667108252537794,1.840295635542339
0.20429470926735538,-0.029614372367790354,0.9625937927488053,0.18589324567068755,-1.2775508034956735,0.17100561888858945,1.8448968588875554
0.20466405640576177,-0.029817926603116517,0.9584181112239178,0.18042127221167958,-1.2761325852891787,0.16534015525180096,1.8494980822327718
0.20503340354416816,-0.030021480838442676,0.9542424296990304,0.17494929875267157,-1.2747143670826837,0.15967469161501247,1.8540993055779882
0.20540275068257452,-0.030225035073768836,0.9500667481741429,0.1694773252936636,-1.273296148876189,0.15400922797822403,1.8587005289232046
0.2057720978209809,-0.030428589309095,0.9458910666492555,0.16400535183465564,-1.2718779306696941,0.14834376434143554,1.8633017522684212
0.2061414449593873,-0.030632143544421158,0.941715385124368,0.15853337837564763,-1.2704597124631993,0.14267830070464704,1.8679029756136376
0.20651079209779366,-0.030835697779747318,0.9375397035994806,0.15306140491663967,-1.2690414942567043,0.1370128370678586,1.872504198958854
0.20688013923620005,-0.03103925201507348,0.9333640220745932,0.14758943145763165,-1.2676232760502095,0.1313473734310701,1.8771054223040704
0.20724948637460644,-0.03124280625039964,0.9291883405497058,0.1421174579986237,-1.2662050578437147,0.12568190979428162,1.8817066456492868
0.20761883351301283,-0.0314463604857258,0.9250126590248183,0.13664548453961572,-1.26478683963722,0.12001644615749313,1.8863078689945034
0.2079881806514192,-0.03164991472105196,0.920836977499931,0.1311735110806077,-1.263368621430725,0.11435098252070464,1.8909090923397198
0.20835752778982558,-0.031853468956378125,0.9166612959750435,0.12570153762159975,-1.2619504032242301,0.1086855188839162,1.8955103156849362
0.20872687492823197,-0.03205702319170428,0.9124856144501561,0.12022956416259173,-1.2605321850177353,0.1030200552471277,1.9001115390301526
0.20909622206663836,-0.032260577427030444,0.9083099329252686,0.11475759070358377,-1.2591139668112405,0.09735459161033921,1.904712762375369
0.20946556920504472,-0.03246413166235661,0.9041342514003812,0.1092856172445758,-1.2576957486047455,0.09168912797355078,1.9093139857205856
0.2098349163434511,-0.03266768589768276,0.8999585698754937,0.10381364378556779,-1.2562775303982507,0.08602366433676228,1.913915209065802
0.2101736315410425,-0.03285435828760989,0.8961292000342017,0.09879549045864693,-1.2549769326405065,0.08082806801114456,1.9181348282599875
0.20986985859421178,-0.03282784594264511,0.8991786457701966,0.09921818368769993,-1.2545951432299178,0.08285632919133618,1.9274309354391383
